code,buiilt00,buiilt01,buiilt02,buiilt03,buiilt04,buiilt05,buiilt06,buiilt07,buiilt08,buiilt09,buiilt10,buiilt11,buiilt12,buiilt13,buiilt14,buiilt15,buiilt16,ocu00,ocu01,ocu02,ocu03,ocu04,ocu05,ocu06,ocu07,ocu08,ocu09,ocu10,ocu11,ocu12,ocu13,ocu14,ocu15,ocu16
DOM-6NO,0.0,0.0,0.0,0.0,0.0,0.0,0.0,0.0,0.0,0.0,0.0,0.0,0.0,0.0,0.0,0.0,33356.0,0.0,0.0,0.0,0.0,0.0,0.0,0.0,0.0,0.0,0.0,0.0,0.0,0.0,0.0,0.0,0.0,33356.0
DOM-ALC,482462.0,563307.0,563307.6,563307.0,563307.0,563307.0,563307.0,563307.0,563307.0,563307.0,583516.0,583516.0,583516.0,619079.63,619079.63,619079.63,563991.87,482462.0,531735.0,531735.0,523307.0,526195.0,526195.0,510666.0,547120.0,547120.0,563307.0,567166.0,583516.0,386345.12,439920.97,485938.61,428063.29,456251.54
DOM-ALT,202317.26,202317.0,211515.6,239072.0,239072.0,255211.05,225375.63,225375.63,240312.07,240312.07,240312.07,240312.07,240312.07,240312.07,240312.07,240312.07,240312.07,191273.93,184043.0,200515.6,194592.0,150112.32,168176.77,197757.0,212846.0,189276.85,136402.55,121071.47,106936.56,138017.57,138017.57,172672.0,172672.0,172734.0
DOM-AND,0.0,0.0,0.0,0.0,0.0,0.0,0.0,0.0,0.0,270488.0,270488.0,270488.0,270488.0,270488.0,64500.0,64500.0,64500.0,0.0,0.0,0.0,0.0,0.0,0.0,0.0,0.0,0.0,64560.0,64560.0,100250.0,64500.0,64500.0,64500.0,64500.0,64500.0
DOM-ARM,254469.0,275783.0,275783.0,275783.0,337529.0,337529.0,337529.0,337529.0,337529.0,337529.0,337529.0,337529.0,337529.0,310078.93,310078.93,310078.93,337333.2,229066.0,275783.0,275783.0,275783.0,337529.0,337529.0,337529.0,337529.0,337529.0,321213.0,209763.0,318441.0,235255.15,283104.28,279648.41,279648.41,314720.51
DOM-AZU,0.0,48563.0,48563.31,48563.0,48563.0,0.0,0.0,0.0,0.0,0.0,0.0,0.0,0.0,0.0,0.0,0.0,0.0,0.0,32375.0,32375.0,32375.0,16187.0,0.0,0.0,0.0,0.0,0.0,0.0,0.0,0.0,0.0,0.0,0.0,0.0
DOM-BAN,419156.0,419156.0,419156.0,419156.0,419156.0,380148.0,380148.0,380148.0,380148.0,430138.0,430138.0,430138.0,430138.0,430138.0,430138.0,430138.0,430138.0,402666.0,307882.0,328448.0,276442.0,295440.0,305886.0,270686.0,187639.0,202732.0,200133.0,221675.0,222738.0,129855.0,97135.0,235911.0,235911.0,325286.0
DOM-BAR,235592.0,498249.0,498249.0,498249.0,498249.0,276405.0,276405.0,276405.0,276405.0,276405.0,276405.0,276405.0,276405.0,275197.87,275197.87,275197.87,299420.14,235592.0,498249.0,498249.0,498249.0,276405.0,276405.0,276405.0,226157.0,226157.0,223116.0,221117.0,239978.0,276405.0,275197.87,275197.87,275197.87,299420.14
DOM-BAY,32375.0,32355.0,32356.0,32356.0,32356.0,32356.0,32356.0,32356.0,0.0,0.0,0.0,0.0,0.0,0.0,0.0,0.0,0.0,16178.0,32355.0,16178.0,32356.0,32356.0,32356.0,32356.0,16178.0,0.0,0.0,0.0,0.0,0.0,0.0,0.0,0.0,0.0
DOM-BON,390593.0,278577.0,392327.0,392327.0,500155.0,500155.0,500155.0,500155.0,500155.0,500155.0,500155.0,350390.0,350390.0,363183.27,431539.12,400634.95,411800.22,331615.0,278577.0,312735.59,312735.0,500155.0,444411.0,422047.0,365030.0,365030.0,363553.0,81802.0,82850.0,53022.03,752840.15,69372.93,179274.59,253706.18
DOM-CAN,0.0,0.0,0.0,73000.0,73000.0,73000.0,0.0,0.0,0.0,0.0,0.0,0.0,0.0,0.0,0.0,0.0,0.0,0.0,0.0,0.0,73000.0,73000.0,28000.0,0.0,0.0,0.0,0.0,0.0,0.0,0.0,0.0,0.0,0.0,0.0
DOM-CDF,0.0,0.0,0.0,0.0,0.0,0.0,0.0,0.0,0.0,0.0,0.0,0.0,0.0,0.0,167992.13,167992.13,167992.13,0.0,0.0,0.0,0.0,0.0,0.0,0.0,0.0,0.0,0.0,0.0,0.0,0.0,0.0,167992.13,167992.13,167992.13
DOM-CHE,456206.0,456206.0,456206.0,475000.0,493802.0,493802.0,493802.0,493802.0,493802.0,493802.0,493802.0,493802.0,493802.0,493802.0,1400000.0,1400000.0,493802.0,456206.0,426206.0,426206.0,415000.0,420802.0,478552.0,493802.0,478702.0,493802.0,451333.0,478596.93,435158.0,362413.96,362413.96,1332000.0,1332000.0,273449.0
DOM-CIB,0.0,100000.0,100000.0,100000.0,100000.0,100000.0,100000.0,100000.0,100000.0,100000.0,100000.0,100000.0,100000.0,100000.0,200000.0,200000.0,200000.0,0.0,1000.0,30000.0,17035.0,12773.33,31035.0,31735.5,70210.0,75235.98,80000.0,80000.0,71570.28,62426.79,65790.25,165000.0,165000.0,165000.0
DOM-CIP,825766.0,825766.0,860000.0,872000.0,879000.0,985000.0,985000.0,985000.0,1006908.0,1006908.0,1006908.0,1006908.0,1006908.0,1006908.0,1225518.94,1225518.94,1225518.94,825766.0,745112.0,850000.0,872000.0,879000.0,819312.0,931445.37,931445.37,789600.0,707867.0,602787.0,764694.0,970485.3,1002276.96,1225518.94,1225518.94,1225518.94
DOM-CON,0.0,0.0,0.0,0.0,0.0,0.0,0.0,0.0,0.0,0.0,0.0,0.0,0.0,38736.0,38736.0,38736.0,38736.0,0.0,0.0,0.0,0.0,0.0,0.0,0.0,0.0,0.0,0.0,0.0,0.0,0.0,38736.0,38736.0,38736.0,38736.0
DOM-COT,65142.0,56564.14,56564.0,56564.0,56608.0,82965.0,82965.0,82965.0,82965.0,82965.0,0.0,0.0,0.0,0.0,0.0,0.0,0.0,65142.0,43940.0,43941.0,43941.0,56608.0,33186.0,60430.0,49779.0,49779.0,71272.0,0.0,0.0,0.0,0.0,0.0,0.0,0.0
DOM-CRI,1200000.0,1394570.0,1460091.0,1472545.0,1472546.0,1660774.0,1739105.0,1713262.0,1713262.0,1764664.38,1834324.09,1834324.09,2117075.95,2117075.95,2117075.95,1927487.0,2112661.37,1159418.0,1333853.0,1374165.0,1441239.0,1460239.0,1660774.0,1682262.0,1682262.0,1682262.0,1732420.91,1768518.28,1834324.09,2117075.95,2117075.95,2117075.95,1927487.0,1948601.37
DOM-CTQ,0.0,0.0,0.0,0.0,0.0,0.0,0.0,0.0,0.0,0.0,0.0,0.0,0.0,0.0,0.0,229241.8,229241.8,0.0,0.0,0.0,0.0,0.0,0.0,0.0,0.0,0.0,0.0,0.0,0.0,0.0,0.0,0.0,229241.8,229241.8
DOM-DOS,0.0,0.0,0.0,0.0,0.0,0.0,624080.0,629460.0,629460.0,1716800.0,1716800.0,1716800.0,1716800.0,1716800.0,1716800.0,1716800.0,1716800.0,0.0,0.0,0.0,0.0,0.0,0.0,624080.0,629460.0,629460.0,1716800.0,1716800.0,1716800.0,1716800.0,1716800.0,1716800.0,1716800.0,1716800.0
DOM-DPE,0.0,0.0,0.0,0.0,26000.0,26000.0,26000.0,26000.0,0.0,0.0,0.0,0.0,0.0,0.0,0.0,0.0,0.0,0.0,0.0,0.0,0.0,26000.0,26000.0,26000.0,26000.0,0.0,0.0,0.0,0.0,0.0,0.0,0.0,0.0,0.0
DOM-EMI,0.0,0.0,0.0,0.0,0.0,0.0,0.0,0.0,0.0,0.0,0.0,0.0,0.0,0.0,104018.0,153225.0,153225.0,0.0,0.0,0.0,0.0,0.0,0.0,0.0,0.0,0.0,0.0,0.0,0.0,0.0,0.0,104018.0,153225.0,153225.0
DOM-ESP,679713.0,679713.0,312487.0,313705.0,388483.88,531487.34,486506.57,528342.42,545494.34,545494.34,545494.34,545494.34,545494.34,545494.34,545494.34,548530.94,548530.94,679713.0,679713.0,312487.0,313705.0,388483.88,446614.83,441821.91,415988.28,507133.0,367372.34,454746.12,299993.51,373076.21,466714.26,545494.34,548530.94,548530.94
DOM-EXC,35000.0,35000.0,36000.0,39000.0,39000.0,39000.0,35000.0,35000.0,35000.0,39000.0,39000.0,39000.0,39000.0,390000.0,39000.0,39000.0,87800.0,24760.0,24760.0,24760.0,39000.0,39000.0,39000.0,35000.0,35000.0,35000.0,39000.0,39000.0,39000.0,39000.0,390000.0,39000.0,39000.0,87800.0
DOM-FRA,152007.0,180935.0,180935.0,180935.0,147515.0,164584.0,164584.0,164584.0,164584.0,164584.0,164584.0,164584.0,164584.0,159588.95,168398.35,168398.35,167242.44,107925.0,180935.0,164935.0,149470.0,147515.0,164584.0,98694.0,82897.0,82897.0,16584.0,48989.0,81654.0,64746.58,64746.58,64746.58,68730.94,71844.61
DOM-GLO,199067.0,199067.0,199067.0,199067.0,199067.0,199067.0,199067.0,0.0,0.0,0.0,0.0,0.0,53800.0,53800.0,500261.0,500261.0,500261.0,199067.0,199067.0,174738.0,174738.0,174473.0,151894.0,174738.0,0.0,0.0,0.0,0.0,0.0,10760.0,22596.0,500261.0,500261.0,500261.0
DOM-GUR,240000.0,240000.0,470107.57,470107.0,480874.66,480874.66,480874.66,487020.0,500261.0,500261.0,500261.0,500261.0,500261.0,500261.0,164366.2,204440.0,204440.0,136000.0,136000.0,407646.7,411746.0,480874.66,480874.66,223360.35,451820.0,400061.0,213080.0,297121.0,307282.6,288794.6,297908.0,143372.8,192920.0,204440.0
DOM-HAI,414600.0,414600.0,414600.0,414600.0,481763.45,481763.45,481763.45,481763.45,507400.04,507400.04,507400.04,507400.04,507400.04,507400.04,507400.04,507400.04,696241.94,384301.0,384301.0,304989.0,293967.0,391036.87,391036.87,182217.93,194717.0,261884.46,360574.43,360574.43,202876.74,244154.62,301137.97,294803.17,294803.17,483257.17
DOM-HAN,0.0,132166.0,132166.0,144147.0,133726.0,133726.0,149419.0,149419.0,149419.0,149419.0,149419.0,149919.0,149919.0,156895.13,156085.13,168360.39,165292.0,0.0,132166.0,132166.0,117987.0,133726.0,133726.0,149419.0,149419.0,149419.0,149419.0,149419.0,149919.0,136972.59,136635.07,152376.03,168360.39,165292.0
DOM-HAT,82000.0,68033.0,68033.0,51846.0,68034.0,55019.0,55019.0,55019.0,55019.0,0.0,0.0,55019.0,55019.0,711387.96,88375.65,88375.65,61688.68,66097.0,54436.0,39581.0,39500.0,55019.0,55019.0,55019.0,55019.0,27510.0,0.0,0.0,55019.0,39581.4,711387.96,79397.6,79397.6,61688.68
DOM-HER,0.0,0.0,0.0,0.0,0.0,0.0,0.0,0.0,0.0,0.0,0.0,0.0,0.0,23698.25,23698.25,23698.25,23698.25,0.0,0.0,0.0,0.0,0.0,0.0,0.0,0.0,0.0,0.0,0.0,0.0,0.0,23698.25,23698.25,23698.25,23698.25
DOM-HIG,140603.0,78651.0,78651.0,78654.0,78654.0,78604.0,0.0,0.0,0.0,0.0,0.0,0.0,0.0,0.0,0.0,0.0,0.0,78651.0,78651.0,52691.0,33886.0,33886.0,45457.0,0.0,0.0,0.0,0.0,0.0,0.0,0.0,0.0,0.0,0.0,0.0
DOM-HIP,0.0,0.0,0.0,0.0,0.0,0.0,0.0,0.0,0.0,0.0,0.0,0.0,0.0,0.0,0.0,120000.0,120000.0,0.0,0.0,0.0,0.0,0.0,0.0,0.0,0.0,0.0,0.0,0.0,0.0,0.0,0.0,0.0,120000.0,120000.0
DOM-HIS,0.0,0.0,0.0,0.0,0.0,77635.0,117247.0,117247.0,86968.35,86968.4,86968.4,86968.4,86968.4,86968.4,86968.4,86968.4,86968.4,0.0,0.0,0.0,0.0,0.0,72635.0,72635.0,72635.0,86968.35,86968.4,86968.4,86968.4,86968.4,86968.4,86968.4,86968.4,86968.4
DOM-IHA,76000.0,0.0,0.0,0.0,0.0,0.0,0.0,0.0,0.0,0.0,0.0,0.0,0.0,0.0,0.0,0.0,0.0,76000.0,0.0,0.0,0.0,0.0,0.0,0.0,0.0,0.0,0.0,0.0,0.0,0.0,0.0,0.0,0.0,0.0
DOM-INE,0.0,0.0,0.0,0.0,0.0,0.0,0.0,0.0,0.0,0.0,0.0,0.0,0.0,0.0,0.0,0.0,242896.24,0.0,0.0,0.0,0.0,0.0,0.0,0.0,0.0,0.0,0.0,0.0,0.0,0.0,0.0,0.0,0.0,242896.24
DOM-INF,0.0,0.0,0.0,0.0,0.0,0.0,0.0,0.0,0.0,0.0,0.0,0.0,0.0,0.0,92105.6,92105.6,92105.6,0.0,0.0,0.0,0.0,0.0,0.0,0.0,0.0,0.0,0.0,0.0,0.0,0.0,0.0,92105.6,92105.6,92105.6
DOM-INT,0.0,0.0,0.0,0.0,0.0,0.0,0.0,0.0,0.0,0.0,73382.0,73382.0,73382.0,73382.93,73382.0,73382.0,73382.0,0.0,0.0,0.0,0.0,0.0,0.0,0.0,0.0,0.0,0.0,73382.0,73382.0,73382.0,73382.93,73382.0,73382.0,73382.0
DOM-ISI,900000.0,973647.0,1123787.0,1164304.0,1169994.6,1188543.36,1281783.96,1311572.06,1377095.03,1377095.03,1444060.68,1444060.68,1616489.32,1617488.85,1617488.85,1549454.35,1586270.31,810944.0,973647.0,995606.0,1083653.0,1169994.6,1188543.36,1132779.95,1193031.14,1297573.2,1224533.52,1343361.28,1230581.95,1237278.31,1321595.88,1460680.0,1290113.02,1286412.35
DOM-JAI,75320.0,75320.0,75320.0,75320.0,75320.0,75320.0,75320.0,75320.0,0.0,0.0,0.0,42000.0,42000.0,0.0,0.0,0.0,0.0,37660.0,37660.0,37660.0,75320.0,47000.0,47000.0,47000.0,47000.0,0.0,0.0,0.0,42000.0,42000.0,0.0,0.0,0.0,0.0
DOM-JAN,140000.0,140000.0,140000.0,200000.0,200000.0,200000.0,200000.0,200000.0,200000.0,284071.0,284071.0,284071.0,284071.0,217606.0,217606.0,217606.0,217606.0,108307.0,140000.0,140000.0,200000.0,200000.0,200000.0,200000.0,200000.0,60847.26,191764.0,191764.0,191764.0,191764.0,217606.0,217606.0,217606.0,217606.0
DOM-JOB,0.0,0.0,0.0,0.0,0.0,0.0,0.0,0.0,0.0,0.0,0.0,0.0,0.0,0.0,0.0,110000.0,110000.0,0.0,0.0,0.0,0.0,0.0,0.0,0.0,0.0,0.0,0.0,0.0,0.0,0.0,0.0,0.0,110000.0,110000.0
DOM-KEP,0.0,0.0,0.0,0.0,0.0,108771.0,108771.0,0.0,0.0,0.0,0.0,0.0,0.0,0.0,0.0,0.0,0.0,0.0,0.0,0.0,0.0,0.0,108771.0,108771.0,0.0,0.0,0.0,0.0,0.0,0.0,0.0,0.0,0.0,0.0
DOM-KGC,0.0,0.0,0.0,0.0,0.0,0.0,0.0,0.0,0.0,0.0,0.0,0.0,0.0,0.0,48300.0,52821.0,52821.0,0.0,0.0,0.0,0.0,0.0,0.0,0.0,0.0,0.0,0.0,0.0,0.0,0.0,0.0,48300.0,52821.0,52821.0
DOM-LAG,16000.0,16000.0,16000.0,16000.0,16000.0,16000.0,16000.0,16000.0,0.0,0.0,0.0,0.0,0.0,0.0,0.0,0.0,0.0,16000.0,16000.0,16000.0,16000.0,16000.0,16000.0,16000.0,16000.0,0.0,0.0,0.0,0.0,0.0,0.0,0.0,0.0,0.0
DOM-LAS,1200000.0,1193592.0,1136891.0,1136891.0,1390819.85,1406078.05,1433942.56,1509756.37,1556161.04,1625617.59,1625617.59,1625617.59,1628263.92,1657963.19,1699062.37,1638117.54,1638117.54,1200000.0,1174335.0,1030903.0,1136891.0,1390819.85,1363211.42,1398034.37,1509756.37,1490595.62,1552422.89,1178022.88,1307209.33,1240384.81,1353201.78,1554553.83,1638117.54,1638117.54
DOM-LIM,0.0,0.0,0.0,0.0,0.0,40199.0,40199.0,40219.0,40219.0,40219.0,46445.0,46445.0,75000.0,75000.0,75000.0,75000.0,75000.0,0.0,0.0,0.0,0.0,0.0,40199.0,40199.0,40219.0,40219.0,40219.0,46445.0,46445.0,75000.0,75000.0,75000.0,75000.0,75000.0
DOM-LUN,0.0,0.0,0.0,32292.0,32292.0,80000.0,80000.0,80000.0,0.0,0.0,0.0,0.0,0.0,0.0,0.0,0.0,0.0,0.0,0.0,0.0,32292.0,32292.0,32292.0,32292.0,32292.0,0.0,0.0,0.0,0.0,0.0,0.0,0.0,0.0,0.0
DOM-MAC,2439826.0,2439826.0,2439826.0,2439826.0,2431726.0,2431726.0,2431726.0,2431726.0,2431726.0,2431726.0,2431726.0,2431726.0,3059519.26,2823599.09,2823599.09,2823599.09,3199449.9,2407036.0,2201865.0,2284135.0,2341862.0,2431726.0,2242404.0,2299373.0,2204466.0,2204466.0,2336329.0,2262372.0,2355714.0,2844507.84,2655473.46,2674042.13,2793741.96,3028019.11
DOM-MAI,0.0,0.0,0.0,0.0,0.0,0.0,0.0,0.0,0.0,0.0,0.0,0.0,0.0,0.0,0.0,55143.92,55143.92,0.0,0.0,0.0,0.0,0.0,0.0,0.0,0.0,0.0,0.0,0.0,0.0,0.0,0.0,0.0,55143.92,55143.92
DOM-MEL,400209.0,400289.32,367830.52,367830.0,367830.0,364714.66,362817.28,362817.28,362817.28,362817.28,362817.28,362817.28,362817.28,225242.81,225242.81,225242.81,225242.81,400209.0,338988.0,311061.0,165145.0,334566.83,364714.66,309050.66,307153.19,307153.19,307153.19,158415.92,195348.2,195348.2,225242.81,225242.81,225242.81,225242.81
DOM-MIN,37867.0,45892.0,45892.0,45892.0,45892.0,15871.0,35458.0,49106.0,49106.0,49106.0,0.0,0.0,0.0,0.0,0.0,0.0,0.0,22637.0,22637.0,22637.0,45892.0,15871.0,15871.0,35458.0,13648.0,13648.0,13648.0,0.0,0.0,0.0,0.0,0.0,0.0,0.0
DOM-MOC,493156.0,493156.0,493156.0,493156.0,569848.0,512167.0,512167.0,512167.0,512167.0,512167.0,512167.0,512167.0,512167.0,468504.33,468504.33,476986.97,460645.75,493156.0,493156.0,493156.0,468213.0,569848.0,512167.0,512167.0,512167.0,512167.0,463021.0,479067.0,512167.0,437409.31,438706.85,427110.8,437107.2,444772.28
DOM-MOI,0.0,48563.31,48522.0,48522.0,64751.0,64751.0,0.0,0.0,0.0,0.0,0.0,0.0,0.0,0.0,0.0,0.0,0.0,0.0,32375.0,48522.0,48522.0,64751.0,64751.0,0.0,0.0,0.0,0.0,0.0,0.0,0.0,0.0,0.0,0.0,0.0
DOM-MUL,0.0,0.0,107600.0,107600.0,96302.0,96302.0,96302.0,96302.0,96302.0,96302.0,96302.0,96302.0,96302.0,96302.0,96302.0,96302.0,96302.0,0.0,0.0,107600.0,107600.0,96302.0,96302.0,96302.0,96302.0,96302.0,96302.0,96302.0,96302.0,96302.0,96302.0,96302.0,96302.0,96302.0
DOM-MUT,0.0,0.0,0.0,0.0,0.0,0.0,0.0,392882.0,392882.0,392882.0,392882.0,392882.0,392882.0,392882.0,392882.0,392882.0,392882.0,0.0,0.0,0.0,0.0,0.0,0.0,0.0,392882.0,392882.0,392882.0,392882.0,392882.0,392882.0,392882.0,392882.0,392882.0,392882.0
DOM-NAV,300000.0,300000.0,200000.0,200000.0,200000.0,200000.0,200000.0,200000.0,200000.0,200000.0,200000.0,200000.0,240002.63,289806.15,328056.65,328056.65,328056.65,186591.0,186591.0,200000.0,200000.0,111265.0,111265.0,31500.0,30000.0,30000.0,47670.0,108203.43,108203.43,136241.5,145576.7,219040.63,219040.63,249040.63
DOM-NIG,514668.0,514668.0,514668.0,514668.0,514668.0,546436.0,546041.0,546041.0,546041.0,546041.0,546041.0,546041.0,546041.0,546041.0,546041.0,339012.0,373557.0,413363.0,470363.0,397668.0,363931.0,436041.0,393046.0,418041.0,413041.0,184300.0,193000.0,395041.0,212590.0,384341.0,384341.0,225712.0,242012.0,262557.0
DOM-NOR,0.0,0.0,0.0,0.0,0.0,0.0,0.0,0.0,0.0,0.0,0.0,0.0,0.0,0.0,0.0,0.0,6797.0,0.0,0.0,0.0,0.0,0.0,0.0,0.0,0.0,0.0,0.0,0.0,0.0,0.0,0.0,0.0,0.0,6797.0
DOM-PAB,121886.0,121886.0,121886.0,121886.0,121886.0,121886.0,121886.0,121886.0,121886.0,121886.0,121886.0,121886.0,121886.0,121886.0,121886.0,62335.96,62335.96,121886.0,121886.0,121886.0,121886.0,121886.0,121886.0,121886.0,121886.0,121886.0,30472.0,30472.0,30472.0,30472.0,30472.0,30472.0,62335.96,62335.96
DOM-PAL,0.0,0.0,0.0,0.0,31000.0,63400.0,63400.0,70000.0,83400.0,107245.0,107245.0,107245.0,107245.0,107245.0,107245.0,107245.0,110760.0,0.0,0.0,0.0,0.0,18000.0,23350.0,42750.0,46393.0,42750.0,107245.0,107245.0,101572.0,102443.0,102443.0,102443.0,102443.0,110760.0
DOM-PAM,134278.0,134278.0,134278.0,134278.0,134278.0,134278.0,339822.0,386996.2,450038.0,450038.0,450038.0,450038.0,450038.0,367614.0,367614.0,367614.0,367614.0,134278.0,134278.0,134278.0,134278.0,134278.0,134278.0,339822.0,354794.2,417834.0,281168.72,242891.24,367614.0,243206.44,367614.0,367614.0,367614.0,367614.0
DOM-PED,30401.06,30401.0,30401.0,30401.0,30401.0,30401.0,60000.0,60000.0,80000.0,80000.0,80000.0,100457.0,100457.0,100457.0,100457.0,100457.0,100457.0,30401.0,30401.0,30401.0,30401.0,30401.0,30401.0,60000.0,60000.0,80000.0,80000.0,80000.0,100457.0,100457.0,100457.0,100457.0,100457.0,100457.0
DOM-PER,0.0,0.0,0.0,0.0,0.0,0.0,0.0,0.0,0.0,0.0,258240.0,232534.36,232534.36,232534.36,232534.36,232534.36,232534.36,0.0,0.0,0.0,0.0,0.0,0.0,0.0,0.0,0.0,0.0,258240.0,232534.36,232534.36,232534.36,232534.36,232534.36,232534.36
DOM-PEV,0.0,0.0,0.0,0.0,87473.0,0.0,0.0,0.0,0.0,0.0,0.0,0.0,0.0,0.0,0.0,0.0,0.0,0.0,0.0,0.0,0.0,69747.0,0.0,0.0,0.0,0.0,0.0,0.0,0.0,0.0,0.0,0.0,0.0,0.0
DOM-PIS,673135.0,735664.0,758000.0,841000.0,938897.0,940057.72,1014211.0,1014211.0,1014211.0,942262.91,942262.91,942262.91,942262.91,938550.0,959296.17,1000108.85,1044762.02,600006.0,733317.0,726000.0,816730.0,921000.0,882580.82,945082.0,864078.43,989598.89,891517.59,895930.22,931538.02,900742.74,936350.0,957096.17,997908.85,1044762.02
DOM-PON,21000.0,21000.0,21000.0,21000.0,21000.0,21000.0,32202.0,0.0,0.0,0.0,0.0,22955.0,22955.0,0.0,0.0,0.0,0.0,21000.0,21000.0,21000.0,21000.0,21000.0,21000.0,32202.0,0.0,0.0,0.0,0.0,22955.0,22955.0,0.0,0.0,0.0,0.0
DOM-PUE,418591.0,407889.0,431740.51,431740.0,444629.0,444629.0,444629.0,444629.0,444629.0,383353.57,412793.17,412793.17,412793.17,447903.0,447903.0,447903.0,451935.0,381467.0,393169.0,418358.0,418358.0,339683.0,171600.68,171150.59,153961.0,150579.34,368633.57,390573.17,289169.57,192134.17,310461.0,390491.0,412368.0,369515.0
DOM-QUI,0.0,52125.31,52125.31,52125.0,50929.0,0.0,50929.0,50929.0,50929.0,0.0,0.0,0.0,0.0,53084.0,53084.0,53084.0,60659.18,0.0,52125.31,52125.31,52125.0,50929.0,0.0,50929.0,50929.0,50929.0,0.0,0.0,0.0,0.0,50929.0,53084.0,53084.0,60659.18
DOM-RAF,0.0,0.0,83928.0,83928.0,83928.0,0.0,0.0,0.0,0.0,0.0,0.0,0.0,0.0,0.0,0.0,0.0,0.0,0.0,0.0,83928.0,83928.0,83928.0,0.0,0.0,0.0,0.0,0.0,0.0,0.0,0.0,0.0,0.0,0.0,0.0
DOM-RIE,0.0,0.0,0.0,0.0,0.0,0.0,0.0,0.0,0.0,0.0,0.0,0.0,0.0,72630.0,72630.0,72630.0,9325.0,0.0,0.0,0.0,0.0,0.0,0.0,0.0,0.0,0.0,0.0,0.0,0.0,0.0,72630.0,72630.0,72630.0,9325.0
DOM-RII,377131.0,327131.0,473949.0,473949.0,473949.0,385000.0,385000.0,478853.0,478853.0,482531.0,482531.0,482531.0,482531.0,439431.0,439431.0,439431.0,482531.0,377131.0,327131.0,324289.0,287804.0,300587.0,272804.0,355587.0,328813.0,355587.0,270091.0,298900.33,246680.0,283389.0,381056.0,422771.0,439431.0,440893.0
DOM-ROB,0.0,0.0,0.0,0.0,0.0,0.0,0.0,0.0,0.0,0.0,0.0,0.0,0.0,35196.0,35206.72,35239.0,0.0,0.0,0.0,0.0,0.0,0.0,0.0,0.0,0.0,0.0,0.0,0.0,0.0,0.0,35196.0,35206.72,35239.0,0.0
DOM-ROM,1063858.0,1063858.0,1128599.0,1128599.0,1128599.0,1128599.49,1128599.49,1128599.49,639252.0,787190.0,787190.0,787190.0,787190.0,658062.0,694804.0,694804.0,787190.0,1063858.0,933001.0,895409.0,823990.0,780000.0,496184.0,499924.0,459214.0,446054.0,714628.0,463390.0,643236.0,643826.0,593029.0,623433.0,638819.78,751803.0
DOM-S12,3595618.0,3615811.0,3639349.0,3661475.0,3684117.32,3705996.68,3705996.68,3705997.0,3709700.64,3709700.64,3709700.64,3709700.64,3736116.0,4418208.71,4304254.48,4362630.59,5358867.29,3437048.0,3575811.0,3577607.2,3549868.0,3684117.32,3585213.68,3591748.68,2672118.0,3073242.0,3039789.88,3027622.0,3052291.59,3218791.07,4418208.71,4174200.74,4177185.13,5328267.29
DOM-SAG,0.0,0.0,0.0,0.0,0.0,0.0,0.0,0.0,0.0,0.0,0.0,0.0,66635.7,66635.7,66635.7,66635.7,66635.7,0.0,0.0,0.0,0.0,0.0,0.0,0.0,0.0,0.0,0.0,0.0,0.0,66635.7,66635.7,66635.7,66635.7,66635.7
DOM-SAL,48563.0,48563.0,48563.0,48563.0,48563.0,48563.0,48563.0,48563.0,48563.0,48563.0,48563.0,48561.0,48561.0,0.0,0.0,0.0,0.0,48563.0,48563.0,48563.0,48563.0,48563.0,48563.0,48563.0,48563.0,48563.0,48563.0,48563.0,48561.0,48561.0,0.0,0.0,0.0,0.0
DOM-SEI,48561.0,32375.0,48561.0,32374.0,48563.0,48563.0,48563.0,48563.0,48563.0,48563.0,48563.0,48563.0,48563.0,487111.04,48711.04,48711.04,48775.71,16187.0,32375.0,32374.0,32374.0,48563.0,32375.0,32375.0,32375.0,32375.0,16188.0,16040.0,48563.0,48563.0,487111.04,48711.04,48711.04,48775.71
DOM-SLI,155000.0,155000.0,162000.0,162000.0,162000.0,162000.0,177750.0,177750.0,177750.0,150500.0,150500.0,150500.0,150500.0,146500.0,146500.0,146500.0,146500.0,147250.0,145351.0,133500.0,142500.0,150000.0,141000.0,126500.0,79500.0,103500.0,77500.0,77500.0,127500.0,65400.0,92500.0,92500.0,106450.0,106450.0
DOM-SUN,0.0,0.0,0.0,0.0,0.0,0.0,0.0,0.0,0.0,0.0,0.0,0.0,0.0,0.0,0.0,0.0,28750.72,0.0,0.0,0.0,0.0,0.0,0.0,0.0,0.0,0.0,0.0,0.0,0.0,0.0,0.0,0.0,0.0,28750.72
DOM-SUR,0.0,0.0,0.0,0.0,0.0,0.0,0.0,0.0,0.0,0.0,0.0,0.0,0.0,0.0,14648.0,14648.0,14648.0,0.0,0.0,0.0,0.0,0.0,0.0,0.0,0.0,0.0,0.0,0.0,0.0,0.0,0.0,14648.0,14648.0,14648.0
DOM-TAL,0.0,0.0,0.0,0.0,0.0,0.0,0.0,0.0,0.0,0.0,0.0,0.0,0.0,0.0,0.0,51432.0,62577.0,0.0,0.0,0.0,0.0,0.0,0.0,0.0,0.0,0.0,0.0,0.0,0.0,0.0,0.0,0.0,43040.0,62577.0
DOM-TAM,80000.0,191724.0,184879.0,184879.0,184879.0,216000.0,216000.0,216000.0,216000.0,216000.0,270685.33,388000.0,388000.0,688640.0,688640.0,656119.0,824250.0,20000.0,191724.0,165374.0,184879.0,184879.0,171653.0,171653.0,88410.0,107666.59,216000.0,235078.0,388000.0,388000.0,688640.0,688640.0,656119.0,620403.0
DOM-VEG,1283873.0,1116683.0,1116683.0,1116683.0,1228505.0,1208176.0,1208176.0,1208176.0,1208176.0,1208176.0,1208176.0,1173226.0,1173226.0,1122197.2,1122197.2,1122197.0,1261076.26,1283873.0,1116683.0,1116683.0,1116683.0,1228505.0,1208176.0,1208176.0,1093112.0,1093112.0,1048074.0,1021199.0,1142783.0,920888.74,994814.98,1067969.53,1122197.0,1157306.67
DOM-VIS,0.0,0.0,0.0,0.0,506796.0,506796.0,444890.0,486352.0,486352.0,388922.96,388922.96,421816.0,421816.0,421816.0,421834.0,421834.0,421834.0,0.0,0.0,0.0,0.0,506796.0,506796.0,444890.0,486352.0,486352.0,388922.96,388922.96,421816.0,421816.0,421816.0,421834.0,421834.0,421834.0
DOM-YAQ,0.0,0.0,0.0,0.0,0.0,0.0,0.0,0.0,0.0,0.0,200738.56,200738.56,200738.56,200738.56,200738.56,200738.56,200738.56,0.0,0.0,0.0,0.0,0.0,0.0,0.0,0.0,0.0,0.0,143000.0,200738.56,200738.56,200738.56,200738.56,200738.56,200738.56
DOM-ZOF,38000.0,38000.0,38000.0,38000.0,38000.0,38000.0,38000.0,0.0,0.0,0.0,0.0,0.0,0.0,0.0,0.0,0.0,0.0,38000.0,38000.0,38000.0,22000.0,22500.0,22500.0,22500.0,0.0,0.0,0.0,0.0,0.0,0.0,0.0,0.0,0.0,0.0
